statement ok
create table t(v1 int not null, v2 int not null)

statement ok
insert into t values (1, 1), (2, 3), (3, 2), (4, 5)

query II
select * from t where v1 > v2
----
3 2

query II
select * from t where v2 > 2
----
2 3
4 5

query II
select * from t where v1 = 1 or v2 = 2
----
1 1
3 2

query II
select * from t where v1 = 1 and v2 = 1
----
1 1

query I
select sum(v2) from t where v1 <> 1
----
10

query I
select sum(v2) from t where v1 != 1
----
10

statement ok
drop table t

statement ok
create table t(v1 int not null, v2 int not null)

statement ok
insert into t values (0, 1), (1, 3), (3, 2), (4, 5)

query I
select sum(v2) from t where v1 < 1
----
1

query I
select sum(v2) from t where v1 <= 1
----
4

query I
select sum(v2) from t where v1 >= 1
----
10

statement ok
drop table t