statement ok
SET RW_IMPLICIT_FLUSH TO true;

statement ok
create table t(x int, y int);

statement ok
create index idx on t(x);

statement ok
insert into t values (100, 3), (1, 0), (2, 3), (3, 4), (5, 4);

query II
select * from t order by x limit 1;
----
1 0

query II
select * from t order by x limit 3;
----
1 0
2 3
3 4
