# Create a table with generated columns.
statement ok
create table t1 (v1 int as v2-1, v2 int, v3 int as v2+1.02, v4 double as v2 + 1.02);

statement ok
insert into t1 (v2) values (1), (2);

statement ok
flush;

query IIIR
select * from t1;
----
0 1 2 2.02
1 2 3 3.02

statement ok
drop table t1;

# Create a table with generated columns.
statement ok
create table t2 (v1 int, v2 int as v1+1);

statement ok
insert into t2 values (1), (2);

statement ok
flush;

query II
select * from t2;
----
1 2
2 3

statement ok
drop table t2;

# Generated column reference another generated column
statement error
create table t2 (v1 int as v2+1, v2 int, v3 int as v1-1);
