# Create a table with generated columns.
statement ok
create table t1 (v1 int as v2-1, v2 int, v3 int as v2+1.02, v4 double as v2 + 1.02);

statement ok
insert into t1 (v2) values (1), (2);

statement ok
flush;

query IIIR
select * from t1;
----
0 1 2 2.02
1 2 3 3.02

statement ok
drop table t1;

# Create a table with generated columns.
statement ok
create table t2 (v1 int, v2 int as v1+1);

statement ok
insert into t2 values (1), (2);

statement ok
flush;

query II
select * from t2;
----
1 2
2 3

statement ok
drop table t2;

# Generated column reference another generated column
statement error
create table t2 (v1 int as v2+1, v2 int, v3 int as v1-1);

# Create a table with proctime.
statement ok
create table t3 (v1 int, v2 Timestamptz as proctime());

statement ok
insert into t3 values (1), (2);

# flush to enter the new epoch
statement ok
flush;

statement ok
insert into t3 values (3);

statement ok
flush;

query T
select v2 > date '2023-04-01' as later_than_2023 from t3;
----
t
t
t

query T
select (select t3.v2 as proctime1 from t3 where t3.v1 = 1 limit 1) = (select t3.v2 as proctime1 from t3 where t3.v1 = 2 limit 1);
----
t

query T
select (select t3.v2 as proctime1 from t3 where t3.v1 = 1 limit 1) < (select t3.v2 as proctime1 from t3 where t3.v1 = 3 limit 1);
----
t

statement ok
drop table t3;