statement ok
create table t1 (v1 int not null, v2 int not null, v3 int not null);

statement ok
create table t2 (v1 int not null, v2 int not null, v3 int not null);

statement ok
create materialized view mv1 as select * from t1 INNER JOIN t2 ON t1.v1=t2.v1;

statement ok
insert into t1 values (1,4,2), (2,3,3);

statement ok
insert into t2 values (1,3,5), (2,4,6);

statement ok
flush;

query IIIIIIII
select * from mv1;
----
1 4 2 0 1 3 5 0
2 3 3 1 2 4 6 1



statement ok
create table t3 (v1 int not null, v2 int not null, v3 int not null);

statement ok
create table t4 (v1 int not null, v2 int not null, v3 int not null);

statement ok
create materialized view mv2 as select * from t3 LEFT JOIN t4 ON t3.v1=t4.v1;

statement ok
insert into t3 values (1,4,2), (2,3,3);

statement ok
flush;

query IIIIIIII
select * from mv2;
----
1 4 2 0 NULL NULL NULL NULL
2 3 3 1 NULL NULL NULL NULL      



statement ok
create table t5 (v1 int not null, v2 int not null, v3 int not null);

statement ok
create table t6 (v1 int not null, v2 int not null, v3 int not null);

statement ok
create materialized view mv3 as select * from t5 RIGHT JOIN t6 ON t5.v1=t6.v1;

statement ok
insert into t6 values (1,3,5), (2,4,6);

statement ok
flush;

query IIIIII
select v1, v2, v3, v10, v20, v30 from mv3;
----
NULL NULL NULL 1 3 5     
NULL NULL NULL 2 4 6    



statement ok
create table t7 (v1 int not null, v2 int not null, v3 int not null);

statement ok
create table t8 (v1 int not null, v2 int not null, v3 int not null);

statement ok
create materialized view mv4 as select * from t7 FULL JOIN t8 ON t7.v1=t8.v1;

statement ok
insert into t7 values (1,4,2), (2,3,3);

statement ok
flush;

statement ok
insert into t8 values (3,3,5), (4,4,6);

statement ok
flush;

query IIIIIIII
select * from mv4;
----
NULL NULL NULL NULL 3 3 5 0
NULL NULL NULL NULL 4 4 6 1
1 4 2 0 NULL NULL NULL NULL
2 3 3 1 NULL NULL NULL NULL

statement ok
drop table t1

statement ok
drop table t2

statement ok
drop table t3

statement ok
drop table t4

statement ok
drop table t5

statement ok
drop table t6

statement ok
drop table t7

statement ok
drop table t8


statement ok
drop materialized view mv1

statement ok
drop materialized view mv2

statement ok
drop materialized view mv3

statement ok
drop materialized view mv4
