statement ok
create table t1 (v1 int not null, v2 int not null, v3 int not null);

statement ok
create table t2 (v1 int not null, v2 int not null, v3 int not null);

statement ok
create table t3 (v1 int not null, v2 int not null, v3 int not null);

statement ok
insert into t1 values (1,4,2), (2,3,3);

statement ok
insert into t3 values (1,3,5), (2,4,6);

statement ok
create materialized view mv1 as select * from t1 join t3 on t1.v2 = t3.v2 order by t1.v1 DESC;

statement ok
create materialized view mv2 as select * from t1 order by t1.v2 DESC, t1.v3 ASC;

statement ok
create materialized view mv3 as select * from t1 order by t1.v2 DESC, t1.v3 ASC limit 2 offset 1;

statement ok
create materialized view mv4 as select * from t1 order by t1.v2 DESC, t1.v3 ASC limit 2;

statement ok
create materialized view mv5 as select * from t1 order by t1.v2 DESC, t1.v3 ASC offset 1;

query IIIIII
select v1, v2, v3, v10, v20, v30 from mv1;
----
2 3 3 1 3 5
1 4 2 2 4 6

statement ok
insert into t1 values (3,4,4), (4,3,5);

statement ok
flush;

query IIIIII
select v1, v2, v3, v10, v20, v30 from mv1;
----
4 3 5 1 3 5
3 4 4 2 4 6
2 3 3 1 3 5
1 4 2 2 4 6

query III
select v1, v2, v3 from mv2;
----
1 4 2
3 4 4
2 3 3
4 3 5

query III
select v1, v2, v3 from mv3;
----
3 4 4
2 3 3

query III
select v1, v2, v3 from mv4;
----
1 4 2
3 4 4

query III
select v1, v2, v3 from mv5;
----
3 4 4
2 3 3
4 3 5

statement ok
insert into t1 values (3,4,4), (4,3,5);

statement ok
flush;

query III
select v1, v2, v3 from mv2;
----
1 4 2
3 4 4
3 4 4
2 3 3
4 3 5
4 3 5

statement ok
drop materialized view mv1

statement ok
drop materialized view mv2

statement ok
drop materialized view mv3

statement ok
drop materialized view mv4

statement ok
drop materialized view mv5

statement ok
drop table t1

statement ok
drop table t2

statement ok
drop table t3
