statement ok
SET RW_IMPLICIT_FLUSH TO true;

statement ok
SET CREATE_COMPACTION_GROUP_FOR_MV TO true;

statement ok
create table st (v1 int, v2 struct<v1 int, v2 struct<v1 int, v2 int>>);

statement ok
create materialized view mv1 as select (v2).v2 from st;

statement ok
insert into st values(1,(1,(1,2)));

statement ok
insert into st values(1,(1,(1,3)));

query I rowsort
select * from mv1;
----
(1,2)
(1,3)


statement ok
create table t1 (v1 int, v2 struct<v3 int, v4 struct<v5 int, v6 int>>);

statement ok
insert into t1 values(4,(3,(2, 2)));

statement ok
insert into t1 values(1,(2,(1, 0)));

statement ok
insert into t1 values(2,(5,(4, 1)));

statement ok
insert into t1 values(3,(6,(3, 4)));

statement ok
flush;

query II
select * from t1 order by v1;
----
1 (2,(1,0))
2 (5,(4,1))
3 (6,(3,4))
4 (3,(2,2))

statement ok
create materialized view mv3 as select * from t1 order by (v2).v3;

# The result of select * from mv3 is not expected


statement ok
drop materialized view mv3;

statement ok
drop table t1;

statement ok
drop materialized view mv1;

statement ok
drop table st;

# More tests to ensure `>>` in struct types can be parsed correctly
statement ok
create table t(v2 struct<v1 int, v2 struct<v1 int, v2 int>>, v1 int);

statement ok
drop table t;

statement ok
create table t(v2 struct<v1 int, v2 struct<v1 int, v2 struct <v1 int, v2 int>>>, v1 int);

statement ok
drop table t;

statement ok
create table t(v2 struct<v1 int, v2 struct<v1 int, v2 struct <v1 int, v2 int>>, v3 int>, v1 int);

statement ok
drop table t;
