statement ok
SET RW_IMPLICIT_FLUSH TO true;

statement ok
create table t (
    ts timestamp,
    foo int,
    watermark for ts as ts - interval '5 minutes'
) append only;

statement ok
create materialized view mv1 as select * from t emit on window close;

statement ok
create materialized view mv2 as select t.ts, unnest(Array[1,2,3]) from t emit on window close;

statement ok
insert into t values ('2023-05-06 16:51:00', 1), ('2023-05-06 16:51:00', 2), ('2023-05-06 16:51:00', 3);

statement ok
insert into t values ('2023-05-06 16:56:01', 1);

sleep 20s

query TI
select * from mv1 order by 2;
----
2023-05-06 16:51:00 1
2023-05-06 16:51:00 2
2023-05-06 16:51:00 3

query TI
select * from mv2 order by 2;
----
2023-05-06 16:51:00 1
2023-05-06 16:51:00 1
2023-05-06 16:51:00 1
2023-05-06 16:51:00 2
2023-05-06 16:51:00 2
2023-05-06 16:51:00 2
2023-05-06 16:51:00 3
2023-05-06 16:51:00 3
2023-05-06 16:51:00 3

statement ok
drop materialized view mv1;

statement ok
drop materialized view mv2;

statement ok
drop table t;

# create a watermark with different return type from column
statement error The return value type of the watermark expression must be identical to the watermark column data type. Current data type of watermark return value: `timestamp with time zone`, column `integer`
CREATE TABLE t (
    v INT,
    WATERMARK FOR v AS to_timestamp(v) - INTERVAL '5' SECOND
);
