query I
select nullif(2,2);
----
NULL

query I
select nullif(1,2);
----
1

query I
select coalesce(1,2);
----
1

statement ok
create table t1 (v1 int, v2 int, v3 int);

statement ok
insert into t1 values (1,null,null),(null,2,null),(null,null,3);

query I
select nullif(t1.v1,1) from t1;
----
NULL
NULL
NULL

query I
select coalesce(v1,v2,v3) from t1;
----
1
2
3

statement ok
drop table t1;