statement ok
<<<<<<< HEAD
create table t3 (v1 int not null, v2 int not null, v3 int not null);

query III
select v1, v2, v3 from t3;
----

statement ok
drop table t3;
=======
create table t1 (v1 int not null, v2 int not null, v3 int not null);

query III
select v1, v2, v3 from t1;
----

statement ok
drop table t1;
>>>>>>> 0c3baaee (feat(frontend): create query handler (#907))
