# CDC source basic test

query I
select cnt from products_cnt;
----
9

query I
select cnt from orders_cnt;
----
3

query I
select cnt from shipments_cnt;
----
3

query III
select order_id, product_id, shipment_id from enriched_orders order by order_id;
----
10001  102   1001
10002  105   1002
10003  106   1003

query V
select count(*) as cnt from mytable;
----
4

query I
select count(*) from orders_2;
----
3

query I
select count(*) from shipments_2;
----
3

query I
select count(*) from t1_rw;
----
1

query I
select count(*) from tt3_rw;
----
2

query II
select * from numeric_to_varchar order by id;
----
1 3.14
2 57896044618658097711785492504343953926634992332820282019728792003956564819967
3 57896044618658097711785492504343953926634992332820282019728792003956564819968
4 115792089237316195423570985008687907853269984665640564039457584007913129639936
5 115792089237316195423570985008687907853269984665640564039457584007913129639936.555555
6 NAN
7 POSITIVE_INFINITY

# The invalid data for rw_int256 is converted to NULL
query II
select * from numeric_to_rw_int256 order by id;
----
1 NULL
2 57896044618658097711785492504343953926634992332820282019728792003956564819967
3 NULL
4 NULL
5 NULL
6 NULL
7 NULL

# Test uint256 - only non-negative values within range should work
query II
select * from numeric_to_rw_uint256 order by id;
----
1 NULL
2 57896044618658097711785492504343953926634992332820282019728792003956564819967
3 57896044618658097711785492504343953926634992332820282019728792003956564819968
4 NULL
5 NULL
6 NULL
7 NULL

query II
select * from enum_to_varchar order by id;
----
1 happy
2 ok

query II
select * from upper_orders order by id;
----
1 happy

query II
select * from json_table order by id;
----
1  {"id": 1, "name": "alice"} {"id": 1, "name": "alice"} {"{\"id\": 1, \"name\": \"alice\"}"} {"{\"id\": 1, \"name\": \"alice\"}"}
2  {}                         {}                         {"{}"}                               {"{}"}
3  {}                         {}                         {}                                   {}
4  NULL                       NULL                       NULL                                 NULL
