statement ok
create table t(v1 int);

statement ok
insert into t select * from generate_series(1, 10000);

statement ok
set background_ddl=false;

statement ok
CREATE INDEX index1 ON t (v1);

query I
select background_ddl from rw_catalog.rw_indexes where name='index1';
----
f

statement ok
set background_ddl=true;

statement ok
CREATE INDEX index2 ON t (v1);

query I
select background_ddl from rw_catalog.rw_indexes where name='index2';
----
t

statement ok
drop index index1;

statement ok
drop index index2;

statement ok
drop table t;