statement ok
create source my_source (a int, b int) with (
    connector = 'datagen',
    datagen.rows.per.second = '15',
    datagen.split.num = '1'
);

statement ok
create view v as select * from my_source;

statement ok
create materialized view mv as select * from v;

statement ok
CREATE SINK my_sink AS select * from mv WITH (
    connector = 'blackhole'
);

statement ok
drop source my_source cascade;

query T
SELECT count(name) FROM rw_views WHERE name = 'v';
----
0

query T
SELECT count(name) FROM rw_materialized_views WHERE name = 'mv';
----
0

query T
SELECT count(name) FROM rw_sinks WHERE name = 'my_sink';
----
0

query T
SELECT count(name) FROM rw_sources WHERE name = 'my_source';
----
0

