statement ok
create view v as select 1;

statement ok
create materialized view mv as select * from v;

statement ok
CREATE SINK my_sink AS select * from mv WITH (
    connector = 'blackhole'
);

statement ok
drop view v cascade;

query T
SELECT count(name) FROM rw_views WHERE name = 'v';
----
0

query T
SELECT count(name) FROM rw_sinks WHERE name = 'my_sink';
----
0

query T
SELECT count(name) FROM rw_materialized_views WHERE name = 'mv';
----
0

