statement ok
create table t(v int);

statement ok
create materialized view mv as select * from t;

statement ok
CREATE SINK my_sink AS select * from mv WITH (
    connector = 'blackhole'
);

statement ok
drop sink my_sink cascade;

query T
SELECT count(name) FROM rw_sinks WHERE name = 'my_sink';
----
0

query T
SELECT count(name) FROM rw_materialized_views WHERE name = 'mv';
----
1

query T
SELECT count(name) FROM rw_tables WHERE name = 't';
----
1