statement ok
set sink_decouple = false;

statement ok
CREATE TABLE mqtt (
  device_id varchar,
  temperature double,
  topic varchar as '/device/' || device_id
);

statement ok
CREATE TABLE mqtt_nested (
   info struct<device_id varchar, topic varchar>,
   temperature double
);

statement ok
CREATE SINK mqtt_sink
FROM
  mqtt
WITH
  (
    connector='mqtt',
    url='tcp://mqtt-server',
    type = 'append-only',
    topic.field = 'topic',
    retain = 'false',
    qos = 'at_least_once',
  ) FORMAT PLAIN ENCODE JSON (
      force_append_only='true',
  );

statement ok
CREATE SINK mqtt_nested_sink
FROM
  mqtt_nested
WITH
  (
    connector='mqtt',
    url='tcp://mqtt-server',
    type = 'append-only',
    topic = '/nested/fallback',
    topic.field = 'info.topic',
    retain = 'false',
    qos = 'at_least_once',
  ) FORMAT PLAIN ENCODE JSON (
      force_append_only='true',
  );

statement ok
CREATE TABLE mqtt_source
(
  device_id varchar,
  temperature double
)
INCLUDE partition AS mqtt_topic
WITH (
    connector ='mqtt',
    url ='tcp://mqtt-server',
    topic = '/device/fixed/12,/device/fixed/13,/device/wildcard/#',
    qos = 'at_least_once',
) FORMAT PLAIN ENCODE JSON;

statement ok
CREATE TABLE mqtt_nested_source
(
   info struct<device_id varchar, topic varchar>,
   temperature double
)
WITH (
    connector='mqtt',
    url='tcp://mqtt-server',
    topic= '/nested/fallback',
    qos = 'at_least_once',
) FORMAT PLAIN ENCODE JSON;


statement ok
INSERT INTO mqtt (device_id, temperature)
VALUES ( 'fixed/12',  59.0 );

statement ok
FLUSH;

statement ok
INSERT INTO mqtt (device_id, temperature)
VALUES ( 'fixed/12',  60.0 );

statement ok
FLUSH;

statement ok
INSERT INTO mqtt (device_id, temperature)
VALUES ( 'fixed/13',  22.0 );

statement ok
FLUSH;

statement ok
INSERT INTO mqtt (device_id, temperature)
VALUES ( 'fixed/13',  24.0 );

statement ok
FLUSH;

statement ok
INSERT INTO mqtt (device_id, temperature)
VALUES ( 'wildcard/14',  31.0 );

statement ok
FLUSH;

statement ok
INSERT INTO mqtt_nested (info, temperature)
VALUES( ROW('12', '/nested/12'), 56.0 );

statement ok
FLUSH;

statement ok
INSERT INTO mqtt_nested (info, temperature)
VALUES( ROW('13', null), 24.0 );

statement ok
FLUSH;

sleep 15s

query IT rowsort
SELECT device_id, temperature FROM mqtt ORDER BY device_id, temperature;
----
fixed/12 59
fixed/12 60
fixed/13 22
fixed/13 24
wildcard/14 31

query ITT rowsort
SELECT device_id, temperature, mqtt_topic FROM mqtt_source ORDER BY device_id, temperature;
----
fixed/12 59 /device/fixed/12
fixed/12 60 /device/fixed/12
fixed/13 22 /device/fixed/13
fixed/13 24 /device/fixed/13
wildcard/14 31 /device/wildcard/14

query IT rowsort
SELECT (info).device_id device_id, temperature from mqtt_nested_source ORDER BY device_id, temperature ;
----
13 24
