statement ok
set sink_decouple = false;

statement ok
CREATE TABLE mqtt (
  device_id varchar,
  temperature double,
  topic varchar as '/device/' || device_id
);

statement ok
CREATE TABLE mqtt_nested (
   info struct<device_id varchar, topic varchar>,
   temperature double
);

statement ok
CREATE SINK mqtt_sink
FROM
  mqtt
WITH
  (
    connector='mqtt',
    url='tcp://mqtt-server',
    type = 'append-only',
    topic.field = 'topic',
    retain = 'false',
    qos = 'at_least_once',
  ) FORMAT PLAIN ENCODE JSON (
      force_append_only='true',
  );

statement ok
CREATE SINK mqtt_nested_sink
FROM
  mqtt_nested
WITH
  (
    connector='mqtt',
    url='tcp://mqtt-server',
    type = 'append-only',
    topic = '/nested/fallback',
    topic.field = 'info.topic',
    retain = 'false',
    qos = 'at_least_once',
  ) FORMAT PLAIN ENCODE JSON (
      force_append_only='true',
  );

# First the (retained) topics are primed, so that they will be listened
# to when the mqtt source initializes. Otherwise it would take 30 seconds
# for the next enumerator tick

statement ok
INSERT INTO mqtt (device_id, temperature)
VALUES ( '12',  56.0 );

statement ok
FLUSH;

statement ok
INSERT INTO mqtt (device_id, temperature)
VALUES ( '13',  20.0 );

statement ok
FLUSH;

statement ok
INSERT INTO mqtt_nested (info, temperature)
VALUES( ROW('12', '/nested/12'), 56.0 );

statement ok
FLUSH;

statement ok
INSERT INTO mqtt_nested (info, temperature)
VALUES( ROW('13', null), 22.0 );

statement ok
CREATE TABLE mqtt_source
(
  device_id varchar,
  temperature double
)
INCLUDE partition AS mqtt_topic
WITH (
    connector ='mqtt',
    url ='tcp://mqtt-server',
    topic = '/device/+',
    qos = 'at_least_once',
) FORMAT PLAIN ENCODE JSON;

statement ok
CREATE TABLE mqtt_nested_source
(
   info struct<device_id varchar, topic varchar>,
   temperature double
)
WITH (
    connector='mqtt',
    url='tcp://mqtt-server',
    topic= '/nested/fallback',
    qos = 'at_least_once',
) FORMAT PLAIN ENCODE JSON;


statement ok
INSERT INTO mqtt (device_id, temperature)
VALUES ( '12',  59.0 );

statement ok
FLUSH;

statement ok
INSERT INTO mqtt (device_id, temperature)
VALUES ( '12',  60.0 );

statement ok
FLUSH;

statement ok
INSERT INTO mqtt (device_id, temperature)
VALUES ( '13',  22.0 );

statement ok
FLUSH;

statement ok
INSERT INTO mqtt (device_id, temperature)
VALUES ( '13',  24.0 );

statement ok
FLUSH;

statement ok
INSERT INTO mqtt_nested (info, temperature)
VALUES( ROW('12', '/nested/12'), 56.0 );

statement ok
FLUSH;

statement ok
INSERT INTO mqtt_nested (info, temperature)
VALUES( ROW('13', null), 24.0 );

statement ok
FLUSH;

sleep 15s

query IT rowsort
SELECT device_id, temperature FROM mqtt ORDER BY device_id, temperature;
----
12 56
12 59
12 60
13 20
13 22
13 24

query ITT rowsort
SELECT device_id, temperature, mqtt_topic FROM mqtt_source ORDER BY device_id, temperature;
----
12 59 /device/12
12 60 /device/12
13 22 /device/13
13 24 /device/13

query IT rowsort
SELECT (info).device_id device_id, temperature from mqtt_nested_source ORDER BY device_id, temperature ;
----
13 24
