statement ok
SET RW_IMPLICIT_FLUSH TO true;

# Create an anonymous function with double dollar as clause
statement ok
create function add(INT, INT) returns int language sql as $$select $1 + $2$$;

# Create an anonymous function with single quote as clause
statement ok
create function sub(INT, INT) returns int language sql as'select $1 - $2';

# Currently we can only support constant calling convention
statement ok
create function add_sub_binding() returns int language sql as 'select add(1, 1) + sub(2, 2)';

# Create an anonymous function with return expression
statement ok
create function add_return(INT, INT) returns int language sql return $1 + $2;

statement ok
create function add_return_binding() returns int language sql return add_return(1, 1) + add_return(1, 1);

# Call the defined sql udf
query I
select add(1, -1);
----
0

query I
select sub(1, 1);
----
0

query I
select add_sub_binding();
----
2

query III
select add(1, -1), sub(1, 1), add_sub_binding();
----
0 0 2

query I
select add_return(1, 1);
----
2

query I
select add_return_binding();
----
4

# Create a mock table
statement ok
create table t1 (c1 INT, c2 INT);

# Insert some data into the mock table
statement ok
insert into t1 values (1, 1), (2, 2), (3, 3), (4, 4), (5, 5);

query III
select sub(c1, c2), c1, c2, add(c1, c2) from t1 order by c1 asc;
----
0 1 1 2
0 2 2 4
0 3 3 6
0 4 4 8
0 5 5 10

query I
select c1, c2, add_return(c1, c2) from t1 order by c1 asc;
----
1 1 2
2 2 4
3 3 6
4 4 8
5 5 10

# Invalid function body syntax
statement error
create function add_error(INT, INT) returns int language sql as $$select $1 + $2 +$$;

# Multiple type interleaving sql udf
statement ok
create function add_sub(INT, FLOAT, INT) returns float language sql as $$select -$1 + $2 - $3$$;

statement ok
create function add_sub_return(INT, FLOAT, INT) returns float language sql return -$1 + $2 - $3;

# Note: need EXPLICIT type cast in order to call the multiple types interleaving sql udf
query I
select add_sub(1::INT, 5.1415926::FLOAT, 1::INT);
----
3.1415926

# Same as above, need EXPLICIT type cast to make the binding works
query I
select add_sub_return(1::INT, 5.1415926::FLOAT, 1::INT);
----
3.1415926

query III
select add(1, -1), sub(1, 1), add_sub(1::INT, 5.1415926::FLOAT, 1::INT);
----
0 0 3.1415926

# Create another mock table
statement ok
create table t2 (c1 INT, c2 FLOAT, c3 INT);

statement ok
insert into t2 values (1, 3.14, 2), (2, 4.44, 5), (20, 10.30, 02);

query IIIII
select c1, c2, c3, add(c1, c3), sub(c1, c3), add_sub(c1::INT, c2::FLOAT, c3::INT) from t2 order by c1 asc;
----
1 3.14 2 3 -1 0.14000000000000012
2 4.44 5 7 -3 -2.5599999999999996
20 10.3 2 22 18 -11.7

query IIIII
select c1, c2, c3, add(c1, c3), sub(c1, c3), add_sub_return(c1::INT, c2::FLOAT, c3::INT) from t2 order by c1 asc;
----
1 3.14 2 3 -1 0.14000000000000012
2 4.44 5 7 -3 -2.5599999999999996
20 10.3 2 22 18 -11.7

# Drop the functions
statement ok
drop function add;

statement ok
drop function sub;

statement ok
drop function add_sub_binding;

statement ok
drop function add_sub;

statement ok
drop function add_sub_return;

statement ok
drop function add_return;

statement ok
drop function add_return_binding;

# Drop the mock table
statement ok
drop table t1;

statement ok
drop table t2;
