control substitution on

# test case need to cover all data types
system ok
psql -c "
    DROP TABLE IF EXISTS postgres_types_test;
    CREATE TABLE IF NOT EXISTS postgres_types_test(
         c_boolean boolean,
         c_smallint smallint,
         c_integer integer,
         c_bigint bigint,
         c_decimal decimal,
         c_real real,
         c_double_precision double precision,
         c_varchar varchar,
         c_bytea bytea,
         c_date date,
         c_time time,
         c_timestamp timestamp,
         c_timestamptz timestamptz,
         c_interval interval,
         c_jsonb jsonb,
         c_uuid uuid,
         c_enum mood,
         c_boolean_array boolean[],
         c_smallint_array smallint[],
         c_integer_array integer[],
         c_bigint_array bigint[],
         c_decimal_array decimal[],
         c_real_array real[],
         c_double_precision_array double precision[],
         c_varchar_array varchar[],
         c_bytea_array bytea[],
         c_date_array date[],
         c_time_array time[],
         c_timestamp_array timestamp[],
         c_timestamptz_array timestamptz[],
         c_interval_array interval[],
         c_jsonb_array jsonb[],
         c_uuid_array uuid[],
         c_enum_array mood[],
         PRIMARY KEY (c_boolean,c_bigint,c_date)
    );
    INSERT INTO postgres_types_test VALUES ( False, 0, 0, 0, 0, 0, 0, '', '00'::bytea, '0001-01-01', '00:00:00', '2001-01-01 00:00:00'::timestamp, '2001-01-01 00:00:00-8'::timestamptz, interval '0 second', '{}', null, 'sad', array[]::boolean[], array[]::smallint[], array[]::integer[], array[]::bigint[], array[]::decimal[], array[]::real[], array[]::double precision[], array[]::varchar[], array[]::bytea[], array[]::date[], array[]::time[], array[]::timestamp[], array[]::timestamptz[], array[]::interval[], array[]::jsonb[], array[]::uuid[], array[]::mood[]);
    INSERT INTO postgres_types_test VALUES ( False, -32767, -2147483647, -9223372036854775807, -10.0, -9999.999999, -10000.0, 'd', '00'::bytea, '0001-01-01', '00:00:00', '2001-01-01 00:00:00'::timestamp, '2001-01-01 00:00:00-8'::timestamptz, interval '0 second', '{}', 'bb488f9b-330d-4012-b849-12adeb49e57e', 'happy', array[False::boolean]::boolean[], array[-32767::smallint]::smallint[], array[-2147483647::integer]::integer[], array[-9223372036854775807::bigint]::bigint[], array[-10.0::decimal]::decimal[], array[-9999.999999::real]::real[], array[-10000.0::double precision]::double precision[], array[''::varchar]::varchar[], array['00'::bytea]::bytea[], array['0001-01-01'::date]::date[], array['00:00:00'::time]::time[], array['2001-01-01 00:00:00'::timestamp::timestamp]::timestamp[], array['2001-01-01 00:00:00-8'::timestamptz::timestamptz]::timestamptz[], array[interval '0 second'::interval]::interval[], array['{}'::jsonb]::jsonb[], '{bb488f9b-330d-4012-b849-12adeb49e57e}', '{happy,ok,sad}');
    INSERT INTO postgres_types_test VALUES ( False, 1, 123, 1234567890, 123.45, 123.45, 123.456, 'a_varchar', 'DEADBEEF'::bytea, '0024-01-01', '12:34:56', '2024-05-19 12:34:56', '2024-05-19 12:34:56+00', INTERVAL '1 day', to_jsonb('hello'::text), '123e4567-e89b-12d3-a456-426614174000', 'happy', ARRAY[NULL, TRUE]::boolean[], ARRAY[NULL, 1::smallint], ARRAY[NULL, 123], ARRAY[NULL, 1234567890], ARRAY[NULL, 123.45::numeric], ARRAY[NULL, 123.45::real], ARRAY[NULL, 123.456], ARRAY[NULL, 'a_varchar'], ARRAY[NULL, 'DEADBEEF'::bytea], ARRAY[NULL, '2024-05-19'::date], ARRAY[NULL, '12:34:56'::time], ARRAY[NULL, '2024-05-19 12:34:56'::timestamp], ARRAY[NULL, '2024-05-19 12:34:56+00'::timestamptz], ARRAY[NULL, INTERVAL '1 day'], ARRAY[NULL, to_jsonb('hello'::text)], ARRAY[NULL, '123e4567-e89b-12d3-a456-426614174000'::uuid], ARRAY[NULL, 'happy'::mood]);
    INSERT INTO postgres_types_test VALUES ( False, NULL, NULL, 1, NULL, NULL, NULL, NULL, NULL, '0024-05-19', NULL, NULL, NULL, NULL, NULL, NULL, NULL, NULL, NULL, NULL, NULL, NULL, NULL, NULL, NULL, NULL, NULL, NULL, NULL, NULL, NULL, NULL, NULL, NULL);
    CREATE TABLE IF NOT EXISTS test_default(
        id int,
        name varchar(255) DEFAULT 'default_name',
        age int DEFAULT 18,
        v1 real DEFAULT 1.1,
        v2 double precision DEFAULT 2.2,
        v3 numeric DEFAULT 3.3,
        v4 boolean DEFAULT false,
        v5 date DEFAULT '2020-01-01',
        v6 time DEFAULT '12:34:56',
        v7 timestamp DEFAULT '2020-01-01 12:34:56',
        v8 timestamptz DEFAULT '2020-01-01 12:34:56+00',
        v9 interval DEFAULT '1 day',
        v10 jsonb DEFAULT '{}',
        PRIMARY KEY (id)
    );
    INSERT INTO test_default(id,name,age) VALUES (1, 'name1', 20), (2, 'name2', 21), (3, 'name3', 22);
    "

statement ok
create source pg_source with (
 connector = 'postgres-cdc',
 hostname = '${PGHOST:localhost}',
 port = '${PGPORT:5432}',
 username = '${PGUSER:$USER}',
 password = '${PGPASSWORD:}',
 database.name = '${PGDATABASE:postgres}',
 slot.name = 'pg_slot'
);

statement ok
create table test_default (*) from pg_source table 'public.test_default';

statement ok retry 3 backoff 1s
insert into test_default(id) values (4),(5);

statement ok
FLUSH;

query TTTTTTTTTTTTT
SELECT * from test_default order by id;
----
1 name1 20 1.1 2.2 3.3 f 2020-01-01 12:34:56 2020-01-01 12:34:56 2020-01-01 12:34:56+00:00 1 day {}
2 name2 21 1.1 2.2 3.3 f 2020-01-01 12:34:56 2020-01-01 12:34:56 2020-01-01 12:34:56+00:00 1 day {}
3 name3 22 1.1 2.2 3.3 f 2020-01-01 12:34:56 2020-01-01 12:34:56 2020-01-01 12:34:56+00:00 1 day {}
4 default_name 18 1.1 2.2 3.3 f 2020-01-01 12:34:56 2020-01-01 12:34:56 2020-01-01 12:34:56+00:00 1 day {}
5 default_name 18 1.1 2.2 3.3 f 2020-01-01 12:34:56 2020-01-01 12:34:56 2020-01-01 12:34:56+00:00 1 day {}


statement ok
create table rw_postgres_types_test (*) from pg_source table 'public.postgres_types_test';

# Name, Type, Is Hidden, Description
query TTTT retry 3 backoff 1s
describe rw_postgres_types_test;
----
c_boolean boolean false NULL
c_smallint smallint false NULL
c_integer integer false NULL
c_bigint bigint false NULL
c_decimal numeric false NULL
c_real real false NULL
c_double_precision double precision false NULL
c_varchar character varying false NULL
c_bytea bytea false NULL
c_date date false NULL
c_time time without time zone false NULL
c_timestamp timestamp without time zone false NULL
c_timestamptz timestamp with time zone false NULL
c_interval interval false NULL
c_jsonb jsonb false NULL
c_uuid character varying false NULL
c_enum character varying false NULL
c_boolean_array boolean[] false NULL
c_smallint_array smallint[] false NULL
c_integer_array integer[] false NULL
c_bigint_array bigint[] false NULL
c_decimal_array numeric[] false NULL
c_real_array real[] false NULL
c_double_precision_array double precision[] false NULL
c_varchar_array character varying[] false NULL
c_bytea_array bytea[] false NULL
c_date_array date[] false NULL
c_time_array time without time zone[] false NULL
c_timestamp_array timestamp without time zone[] false NULL
c_timestamptz_array timestamp with time zone[] false NULL
c_interval_array interval[] false NULL
c_jsonb_array jsonb[] false NULL
c_uuid_array character varying[] false NULL
c_enum_array character varying[] false NULL
_rw_timestamp timestamp with time zone true NULL
primary key c_boolean, c_bigint, c_date NULL NULL
distribution key c_boolean, c_bigint, c_date NULL NULL
table description rw_postgres_types_test NULL NULL

query TTTTTTT
SELECT
    c_boolean,
    c_smallint,
    c_integer,
    c_bigint,
    c_decimal,
    c_real,
    c_double_precision,
    c_varchar,
    c_bytea from rw_postgres_types_test where c_enum = 'happy' order by c_integer;
----
f -32767 -2147483647 -9223372036854775807 -10.0 -10000 -10000 d \x3030
f 1 123 1234567890 123.45 123.45 123.456 a_varchar \x4445414442454546

query TTTTT
SELECT
    c_date,
    c_time,
    c_timestamp,
    c_timestamptz,
    c_interval from rw_postgres_types_test where c_enum = 'happy' order by c_integer;
----
0001-01-01 00:00:00 2001-01-01 00:00:00 2001-01-01 08:00:00+00:00 00:00:00
0024-01-01 12:34:56 2024-05-19 12:34:56 2024-05-19 12:34:56+00:00 1 day

query TTTTTTT
SELECT
    c_jsonb,
    c_uuid,
    c_enum,
    c_boolean_array,
    c_smallint_array,
    c_integer_array,
    c_bigint_array from rw_postgres_types_test where c_enum = 'happy' order by c_integer;
----
{} bb488f9b-330d-4012-b849-12adeb49e57e happy {f} {-32767} {-2147483647} {-9223372036854775807}
"hello" 123e4567-e89b-12d3-a456-426614174000 happy {NULL,t} {NULL,1} {NULL,123} {NULL,1234567890}

query TTTTTTTTTTTTT
SELECT
    c_decimal_array,
    c_real_array,
    c_double_precision_array,
    c_varchar_array,
    c_bytea_array,
    c_date_array,
    c_time_array,
    c_timestamp_array,
    c_timestamptz_array,
    c_interval_array,
    c_jsonb_array,
    c_uuid_array,
    c_enum_array from rw_postgres_types_test where c_enum = 'happy' order by c_integer;
----
{-10.0} {-10000} {-10000} {""} {"\\x3030"} {0001-01-01} {00:00:00} {"2001-01-01 00:00:00"} {"2001-01-01 08:00:00+00:00"} NULL {"{}"} {bb488f9b-330d-4012-b849-12adeb49e57e} {happy,ok,sad}
{NULL,123.45} {NULL,123.45} {NULL,123.456} {NULL,a_varchar} {NULL,"\\x4445414442454546"} {NULL,2024-05-19} {NULL,12:34:56} {NULL,"2024-05-19 12:34:56"} {NULL,"2024-05-19 12:34:56+00:00"} NULL {NULL,"\"hello\""} {NULL,123e4567-e89b-12d3-a456-426614174000} NULL

statement ok
drop source pg_source cascade;
