query T
select array_cat(array[1,2,3], array[4,5,6]);
----
{1,2,3,4,5,6}

query T
select array[1,2,3] || array[4,5,6];
----
{1,2,3,4,5,6}

query T
select array_cat(array[1,2,3], 4);
----
{1,2,3,4}

query T
select array[1,2,3] || 4;
----
{1,2,3,4}

query T
select array_cat(6, array[7,8]);
----
{6,7,8}

query T
select 6 || array[7,8];
----
{6,7,8}

query T
select array_cat(array[array[1,2]], array[array[3,4]]);
----
{{1,2},{3,4}}

query T
select array[array[1,2]] || array[array[3,4]];
----
{{1,2},{3,4}}

query T
select array_cat(array[array[1,2]], array[3,4]);
----
{{1,2},{3,4}}

query T
select array[array[1,2]] || array[3,4];
----
{{1,2},{3,4}}

query T
select array_cat(array[1,2], array[array[3,4]]);
----
{{1,2},{3,4}}

query T
select array[1,2] || array[array[3,4]];
----
{{1,2},{3,4}}
