query R
SELECT gamma('+inf'::float8);
----
Infinity

query R
SELECT gamma('nan'::float8);
----
NaN

statement error overflow
SELECT gamma('-inf'::float8);

query R
SELECT gamma('0.5'::float8);
----
1.772453850905516


query R
SELECT gamma('1'::float8);
----
1

query R
SELECT gamma('2'::float8);
----
1

query R
SELECT gamma('3'::float8);
----
2

query R
SELECT gamma('4'::float8);
----
6

query R
SELECT gamma('5'::float8);
----
24

statement error overflow
SELECT gamma('-1'::float8);

statement error underflow
SELECT gamma('-1000.5'::float8);

statement error overflow
SELECT gamma('0'::float8);

statement error overflow
SELECT gamma('1000'::float8);

query R
SELECT lgamma('+inf'::float8);
----
Infinity

query R
SELECT lgamma('nan'::float8);
----
NaN

query R
SELECT lgamma('-inf'::float8);
----
Infinity

query R
SELECT lgamma('0.5'::float8);
----
0.5723649429247

query R
SELECT lgamma('1'::float8);
----
0

query R
SELECT lgamma('2'::float8);
----
0

query R
SELECT lgamma('3'::float8);
----
0.6931471805599454

query R
SELECT lgamma('4'::float8);
----
1.7917594692280552

query R
SELECT lgamma('5'::float8);
----
3.1780538303479453

statement error overflow
SELECT lgamma('-1'::float8);

query R
SELECT lgamma('-1000.5'::float8);
----
-5914.437701116853

statement error overflow
SELECT lgamma('0'::float8);

query R
SELECT lgamma('1000'::float8);
----
5905.220423209181

statement error overflow
SELECT lgamma('1e308'::float8);