statement ok
set timezone = "us/pacific";

# Cast date to timestamptz
query T
select '2022-01-01'::date::timestamp with time zone;
----
2022-01-01 00:00:00-08:00

# Cast timestamp to timestamptz
query T
select '2022-01-01 00:00:00'::timestamp::timestamp with time zone;
----
2022-01-01 00:00:00-08:00

# Cast timestamptz to timestamp
query T
select '2022-01-01 00:00:00+00:00'::timestamp with time zone::timestamp;
----
2021-12-31 16:00:00

# Cast timestamptz to date
query T
select '2022-01-01 00:00:00+00:00'::timestamp with time zone::date;
----
2021-12-31

# Cast timestamptz to time
query T
select '2022-01-01 00:00:00+00:00'::timestamp with time zone::time;
----
16:00:00

# Compare timestamp with timestamptz
query T
select '2022-01-01 00:00:00-08:00'::timestamp with time zone = '2022-01-01 00:00:00'::timestamp;
----
t

# Compare date with timestamptz
query T
select '2022-01-01 00:00:00-08:00'::timestamp with time zone = '2022-01-01'::date;
----
t

# Cast varchar without timezone to timestamptz
query T
select '2022-01-01 00:00:00'::timestamp with time zone;
----
2022-01-01 00:00:00-08:00

# Cast timestamptz to varchar, should display with timezone information
query T
select '2022-01-01 00:00:00-08:00'::timestamp with time zone::varchar;
----
2022-01-01 00:00:00-08:00

statement ok
set timezone = 'europe/london'

# Add/Subtract timestamptz with interval across a daylight savings boundary

# This should first add the days (naively), then the hours, with timezone in mind.
# Daylight savings falls on 2016-10-30 in London timezone
query T
select '2016-10-29 12:00:00'::timestamptz + interval '24 hours' + interval '1 day';
----
2016-10-31 11:00:00+00:00

# This should first add the days (naively), then the hours, with timezone in mind.
query T
select (interval '24 hours' + interval '1 day') + '2016-10-29 12:00:00'::timestamptz;
----
2016-10-31 12:00:00+00:00

# Test inverse for subtract
query T
select '2016-10-31 12:00:00+00:00'::timestamptz - interval '24 hours' - interval '1 day';
----
2016-10-29 11:00:00+01:00

# Test inverse for subtract, this time we apply diff 1 day first, then 24 hours, so we ignored the daylight savings
query T
select '2016-10-31 12:00:00+00:00'::timestamptz - (interval '24 hours' + interval '1 day');
----
2016-10-29 12:00:00+01:00

statement ok
set timezone = 'UTC';