statement ok
set rw_batch_enable_lookup_join to true;

statement ok
create table t1 (v1 int, v2 int);

statement ok
create table t2 (v1 int, v2 int);

statement ok
insert into t1 values (3, 3);

statement ok
insert into t2 values (1, 3), (1, 5), (4, 10);

statement ok
create materialized view t3 as select v1, count(*) as v2 from t2 group by v1;

query IIII
select * from t1 left join t3 on t1.v1 = t3.v1;
----
3 3 NULL NULL

statement ok
insert into t1 values (1, 2);

query IIII
select * from t1 join t3 on t1.v1 = t3.v1;
----
1 2 1 2

statement ok
drop materialized view t3;

statement ok
drop table t1;

statement ok
drop table t2;

statement ok
set rw_batch_enable_lookup_join to false;
