statement ok
create source s (v1 int not null, v2 char(8) not null) with ( 'upstream.source' = 'kafka', 'kafka.topic' = 'kafka_1_partition_topic', 'kafka.bootstrap.servers' = 'localhost:29092' ) row format 'json'

query IT rowsort
select * from s
----
1 1
2 22
3 333
4 4444

statement ok
drop source s

statement ok
create source s (v1 int not null, v2 char(8) not null) with ( 'upstream.source' = 'kafka', 'kafka.topic' = 'kafka_2_partition_topic', 'kafka.bootstrap.servers' = 'localhost:29092' ) row format 'json'

query IT rowsort
select * from s
----
1 1
2 22
3 333
4 4444

statement ok
drop source s

statement ok
create source s (v1 int not null, v2 char(8) not null) with ( 'upstream.source' = 'kafka', 'kafka.topic' = 'kafka_3_partition_topic', 'kafka.bootstrap.servers' = 'localhost:29092' ) row format 'json'

query IT rowsort
select * from s
----
1 1
2 22
3 333
4 4444

statement ok
drop source s

statement ok
create source s (v1 int not null, v2 char(8) not null) with ( 'upstream.source' = 'kafka', 'kafka.topic' = 'kafka_4_partition_topic', 'kafka.bootstrap.servers' = 'localhost:29092' ) row format 'json'

query IT rowsort
select * from s
----
1 1
2 22
3 333
4 4444

statement ok
drop source s

statement ok
create source s (v1 int not null, v2 char(8) not null) with ( 'upstream.source' = 'kafka', 'kafka.topic' = 'kafka_4_partition_topic_with_100_message', 'kafka.bootstrap.servers' = 'localhost:29092' ) row format 'json'

query I
select count(*) from s
----
100

statement ok
drop source s

statement ok
create source s (v1 int not null, v2 char(8) not null) with ( 'upstream.source' = 'kafka', 'kafka.topic' = 'kafka_1_partition_mv_topic', 'kafka.bootstrap.servers' = 'localhost:29092' ) row format 'json'

query I
select count(*) from s
----
20

statement ok
create materialized view source_mv1 as select * from s;

statement ok
create materialized view source_mv2 as select sum(v1) as sum_v1, count(v2) as count_v2 from s where v1 > 3;

sleep 30s

query IT rowsort
select v1, v2 from source_mv1;
----
0 name9
3 name2
7 name5
1 name7
3 name9
4 name6
5 name3
8 name8
9 name2
2 name3
4 name7
7 name0
1 name0
2 name0
6 name3
0 name5
5 name8
6 name4
8 name9
9 name2

query II
select sum_v1, count_v2 from source_mv2;
----
78 12

statement ok
drop source s
