statement ok
CREATE TABLE s1 (i1 int, i2 varchar, i3 varchar);

statement ok
CREATE MATERIALIZED VIEW mv1 AS SELECT * FROM s1;

statement ok
CREATE SINK sink1 AS select * from mv1 WITH (
    connector = 'iceberg',
    type = 'upsert',
    database.name = 'demo_db',
    table.name = 'test_position_delete',
    catalog.name = 'demo',
    catalog.type = 'storage',
    warehouse.path = 's3a://icebergdata/demo',
    s3.endpoint = 'http://127.0.0.1:9301',
    s3.region = 'us-east-1',
    s3.access.key = 'hummockadmin',
    s3.secret.key = 'hummockadmin',
    create_table_if_not_exists = 'true',
    commit_checkpoint_interval = 1,
    primary_key = 'i1,i2',
    partition_by = 'i1'
);

statement ok
INSERT INTO s1 (i1, i2, i3) values(1,'1','1'),(2,'2','2'),(3,'3','3'),(4,'4','4'),(5,'5','5');

statement ok
flush

statement ok
CREATE SOURCE iceberg_t1_source
WITH (
    connector = 'iceberg',
    s3.endpoint = 'http://127.0.0.1:9301',
    s3.region = 'us-east-1',
    s3.access.key = 'hummockadmin',
    s3.secret.key = 'hummockadmin',
    catalog.type = 'storage',
    warehouse.path = 's3a://icebergdata/demo',
    database.name = 'demo_db',
    table.name = 'test_position_delete',
);

statement ok
create materialized view mv2 as select * from iceberg_t1_source;

# select only some columns
statement ok
create materialized view mv3 as select i2, i1 * 3 as abc from iceberg_t1_source;

sleep 5s

query I
select * from mv2 order by i1;
----
1 1 1
2 2 2
3 3 3
4 4 4
5 5 5


query I
select * from mv3 order by i1;
-----
1 3
2 6
3 9
4 12
5 15


# delete cannot be reflected
statement ok
DELETE FROM s1 WHERE i1 < 3;

sleep 5s

query I
select count(*) from iceberg_t1_source;
-----
3

query I
select count(*) from mv2;
-----
5

query I
select count(*) from mv3;
-----
5


# insert more data
statement ok
INSERT INTO s1 (i1, i2, i3) values(6,'6','6'),(7,'7','7'),(8,'8','8'),(9,'9','9'),(10,'10','10');

statement ok
flush

query I
select count(*) from iceberg_t1_source;
-----
8

query I
select count(*) from mv2;
-----
10

query I
select count(*) from mv3;
-----
10

statement ok
DROP SINK sink1;

statement ok
DROP SOURCE iceberg_t1_source CASCADE;

statement ok
DROP TABLE s1 cascade;
