# the check is run on sink destination postgres database

query I
select * from t_remote_0 order by id;
----
1 Alex 28208 281620391 4986480304337356659 28162.0391 2.03 28162.0391 1000-01-01 00:00:00
3 Carl 18300 1702307129 7878292368468104216 17023.07129 23.07 17023.07129 9999-12-31 23:49:59.499999
4 Doris 17250 151951802 3946135584462581863 1519518.02 18.02 1519518.02 2023-03-21 10:18:30
5 Eve 9725 698160808 524334216698825611 69.8160808 69.81 69.8160808 2023-03-21 10:18:31
6 Frank 28131 1233587627 8492820454814063326 123358.7627 58.76 123358.7627 2023-03-21 10:18:32

query II
select * from t_remote_1 order by id;
----
1 Alex Text value 1 123 456 789 12.34 56.78 90.12 t 1550-12-31 00:00:00.123456 2023-05-22 12:34:56 1970-01-01 00:00:01+00 2 years 3 mons 4 days 05:06:07 {"key": "value"} \xdeadbeef
3 Varchar value 3 Text value 3 345 678 901 34.56 78.9 12.34 t 9999-12-31 12:34:56 2023-05-24 12:34:56 2023-05-24 12:34:56.123456+00 2 years 3 mons 4 days 05:06:07 {"key": "value3"} \xcafebabe
4 Varchar value 4 Text value 4 456 789 12 45.67 89.01 23.45 f 2023-05-25 23:45:01 2023-05-25 23:45:01 2023-05-25 23:45:01+00 2 years 3 mons 4 days 05:06:07 {"key": "value4"} \xbabec0de
5 Varchar value 5 Text value 5 567 890 123 56.78 90.12 34.56 t 2023-05-26 12:34:56 2023-05-26 12:34:56 2023-05-26 12:34:56+00 2 years 3 mons 4 days 05:06:07 {"key": "value5"} \xdeadbabe
6 Varchar value 6 Text value 6 789 123 456 67.89 34.56 78.91 f 2023-05-27 23:45:01 2023-05-27 23:45:01 2023-05-27 23:45:01+00 2 years 3 mons 4 days 05:06:07 {"key": "value6"} \xdeadbabe

onlyif pg-native
query III
select * from biz.t_types order by id;
----
1 Varcharvalue1 Textvalue1 123 456 789 12.34 56.78 90.12 t 2023-05-22 12:34:56 2023-05-22 12:34:56 1 day {"key": "value"} {"Value 1","Value 2"} {12.345,56.789} {1,2,3} {1,2,3} {1,2,3} {12.3,56.7}
2 Varcharvalue2 Textvalue2 234 567 890 NaN 67.89 1.23 f 2023-05-23 23:45:01 2023-05-23 23:45:01 2 days {"key": "value2"} {"Value 3","Value 4"} {43.21,65.432} {4,5,6} {4,5,6} {4,5,6} {43.2,65.4}
3 Varcharvalue1 Textvalue1 123 456 789 Infinity 56.78 90.12 t 2023-05-22 12:34:56 2023-05-22 12:34:56 1 day {"key": "value"} {"How're you?","\"hello\\ \\world\""} {12.345,56.789} {1,2,3} {1,2,3} {1,2,3} {43.2,65.4}

onlyif jdbc
query III
select * from biz.t_types order by id;
----
1 Varcharvalue1 Textvalue1 123 456 789 12.34 56.78 90.12 t 2023-05-22 12:34:56 2023-05-22 12:34:56 1 day {"key": "value"} {"Value 1","Value 2"} {12.345,56.789} {1,2,3} {1,2,3} {1,2,3} {12.3,56.7}
2 Varcharvalue2 Textvalue2 234 567 890 NULL 67.89 1.23 f 2023-05-23 23:45:01 2023-05-23 23:45:01 2 days {"key": "value2"} {"Value 3","Value 4"} {43.21,65.432} {4,5,6} {4,5,6} {4,5,6} {43.2,65.4}
3 Varcharvalue1 Textvalue1 123 456 789 NULL 56.78 90.12 t 2023-05-22 12:34:56 2023-05-22 12:34:56 1 day {"key": "value"} {"How're you?","\"hello\\ \\world\""} {12.345,56.789} {1,2,3} {1,2,3} {1,2,3} {43.2,65.4}


query IT
select * from t_append_only order by v1,v2;
----
1 aaa
1 bbb
2 ccc

query I
select * from biz.t2 order by "aBc";
----
1
2

query IT
select * from t1_uuid;
----
221 74605c5a-a7bb-4b3b-8742-2a12e9709dea hello world


query TIT
select * from sk_t1_uuid
----
21189447-8736-44bd-b254-26b5dec91da9 2 bb
