statement ok
create table t (v int);

statement ok
insert into t values (1), (2);

statement ok
flush;

statement ok
start transaction read only;

query I
select count(*) from t;
----
2

connection other
query I
select count(*) from t;
----
2

connection other
statement ok
insert into t values (3);

connection other
statement ok
flush;

connection other
query I
select count(*) from t;
----
3

query I
select count(*) from t;
----
2

statement ok
flush;

query I
select count(*) from t;
----
2

statement ok
commit;

query I
select count(*) from t;
----
3

statement ok
drop table t;
