statement ok
SET RW_IMPLICIT_FLUSH TO true;

query T
select ARRAY['foo', 'bar', null];
----
{foo,bar,NULL}

query T
select ARRAY[1,2+3,4*5+1];
----
{1,5,21}

query T
select ARRAY[null];
----
{NULL}

statement error
select ARRAY[];

query T
select ARRAY[]::int[];
----
{}

statement ok
create table t (v1 int);

statement ok
insert into t values (1), (2), (3);

query T rowsort
select ARRAY[1, v1*2] from t;
----
{1,2}
{1,4}
{1,6}

query I rowsort
select * from t where Array[1,v1*2] < Array[1,6];
----
1
2

query I rowsort
select * from t where Array[1,v1*2] <= Array[1,6];
----
1
2
3

query I rowsort
select * from t where Array[1,v1*2] > Array[1,2];
----
2
3

query I rowsort
select * from t where Array[1,v1*2] >= Array[1,2];
----
1
2
3

query I
select * from t where Array[1,v1*2] = Array[1,6];
----
3

query I rowsort
select * from t where Array[1,v1*2] != Array[1,6];
----
1
2

query T
select min(ARRAY[1, v1*2]) from t;
----
{1,2}

query T
select max(ARRAY[1, v1*2]) from t;
----
{1,6}

query T
select CAST(NULL as bool[]) from t;
----
NULL
NULL
NULL

query T
select array[false, false] from t;
----
{f,f}
{f,f}
{f,f}

statement ok
drop table t;

# Now we don't disallow arrays with unmatching dimensions in multidimensional arrays.
# This is different from PostgreSQL, we may want to change this in the future.
statement ok
select array[array[1,2], array[3]];

# array range access
query T
select array[1,NULL,2][-1:134124523];
----
{1,NULL,2}

query T
select (array[1,NULL,2])[3:1];
----
NULL

query T
select array[array[1],array[2],array[3]][-21432315:134124523];
----
{{1},{2},{3}}

query T
select array[array[1],array[2],array[3]][-21432315:134124523][1];
----
{1}

query T
select array[array[1],array[2],array[3]][-21432315:134124523][1:2];
----
{{1},{2}}

query T
select array[array[1],array[2],array[3]][-21432315:134124523][1];
----
{1}

query I
select array[array[1],array[2],array[3]][-21432315:134124523][1][1];
----
1

query T
select (array[1,NULL,2])[:3];
----
{1,NULL,2}

query T
select (array[1,NULL,2])[:2];
----
{1,NULL}

query T
select (array[1,NULL,2])[:1];
----
{1}

query T
select (array[1,NULL,2])[:999];
----
{1,NULL,2}

# TODO: PG returns `{}` in this case
query T
select (array[1,NULL,2])[:0];
----
NULL

query T
select (array[1,NULL,2])[:-1];
----
NULL

query T
select (array[1,NULL,2])[-1:];
----
{1,NULL,2}

query T
select (array[1,NULL,2])[0:];
----
{1,NULL,2}

query T
select (array[1,NULL,2])[1:];
----
{1,NULL,2}

query T
select (array[1,NULL,2])[2:];
----
{NULL,2}

query T
select (array[1,NULL,2])[3:];
----
{2}

# TODO: PG returns `{}` in this case
query T
select (array[1,NULL,2])[4:];
----
NULL

query T
select (array[1,NULL,2])[5:];
----
NULL

query T
select (array[1,NULL,2])[:];
----
{1,NULL,2}

# TODO: PG returns `{}` in this case
query T
select (array[1,NULL,2])[5:-1];
----
NULL

# TODO: PG returns `{}` in this case
query T
select (array[1,NULL,2])[2:1];
----
NULL