statement ok
SET RW_IMPLICIT_FLUSH TO true;

statement ok
create table t (v1 numeric, v2 numeric)

statement ok
insert into t values (1.1987, 4.6543), (2.22, 3.3), (1.165, 1.15)

query RRR rowsort
select round(v1, 2), round(v2, 1), round(v1, -1) from t
----
1.17	1.2	0
1.20	4.7	0
2.22	3.3	0

statement ok
drop table t

query T
values(round(42.4382));
----
42

query T
values(round(42));
----
42

query T
values(round(42, 1));
----
42

query R
select '  +inFInity'::decimal;
----
Infinity

query R
select '  -inF '::decimal;
----
-Infinity

query IIIIII
select
	'-32768'::int2::decimal,
	'-2147483648'::int4::decimal,
	'-9223372036854775808'::int8::decimal,
	'-32768'::decimal::int2,
	'-2147483648'::decimal::int4,
	'-9223372036854775808'::decimal::int8;
----
-32768 -2147483648 -9223372036854775808 -32768 -2147483648 -9223372036854775808

statement error out of range
select '32767.5'::decimal::int2;

statement error out of range
select '2147483647.5'::decimal::int4;

statement error out of range
select '9223372036854775807.5'::decimal::int8;

query RRRRRRRR
select
	'1e-28'::float4::decimal,
	'999999'::float4::decimal,
	1e-28::decimal::float4,
	'999999'::decimal::float4,
	'1e-28'::float8::decimal,
	'999999999999999'::float8::decimal,
	1e-27::decimal::float8,
	'999999999999999'::decimal::float8;
----
0.0000000000000000000000000001 999999 1e-28 999999 0.0000000000000000000000000001 999999999999999 1e-27 999999999999999

statement error out of range
select '1e29'::float4::decimal;

query R
select 79228162514264337593543950335::decimal::float4;
----
7.9228163e+28

query R
select 79228162514264337593543950335::decimal::float8;
----
7.922816251426434e+28

query RIRRR
with t(v) as (
	select (v / 4.0)::decimal from generate_series(-6, 6, 1) as t(v)
) select
	v::real,
	v::int,
	round(v),
	floor(v),
	ceil(v)
from t;
----
 -1.5 -2 -2 -2 -1
-1.25 -1 -1 -2 -1
   -1 -1 -1 -1 -1
-0.75 -1 -1 -1  0
 -0.5 -1 -1 -1  0
-0.25  0  0 -1  0
    0  0  0  0  0
 0.25  0  0  0  1
  0.5  1  1  0  1
 0.75  1  1  0  1
    1  1  1  1  1
 1.25  1  1  1  2
  1.5  2  2  1  2
