statement ok
SET RW_IMPLICIT_FLUSH TO true;

query T rowsort
values ('{"a":[2, true, "", {}]}'::jsonb), ('1'), ('true'), ('null'), (null), ('[1, true]');
----
1
NULL
[1, true]
null
true
{"a": [2, true, "", {}]}

statement ok
create table t (v1 jsonb);

statement ok
insert into t values ('1'), ('true'), ('null'), (null);

query T rowsort
select * from t;
----
1
NULL
null
true

query T
select * from t order by v1::varchar;
----
1
null
true
NULL

# typed string
query TT
select jsonb 'true', JsonB '{}';
----
true {}

query T
select 'true'::jsonb::bool;
----
t

query I
select '1'::jsonb::smallint;
----
1

query I
select '1'::jsonb::int;
----
1

query I
select '1'::jsonb::bigint;
----
1

query R
select '2.5'::jsonb::decimal;
----
2.5

query R
select '2.5'::jsonb::real;
----
2.5

query R
select '2.5'::jsonb::double precision;
----
2.5

# We represent numbers in jsonb as float8, while PostgreSQL uses decimal.
# PG rounds differently for `decimal -> int` and `float8 -> int`
# So this is different from PostgreSQL.
query II
select '2.5'::jsonb::smallint, '3.5'::jsonb::smallint;
----
2 4

statement error cannot cast jsonb null to type boolean
select 'null'::jsonb::bool;

query T
select null::jsonb::bool;
----
NULL

# Example of accessing the boolean nested inside object and array
query T
select ('{"k2":[2,true,4]}'::jsonb -> 'k2' -> -2)::bool;
----
t

# But for text, avoid cast and use `->>` as the last access operator.
# Note the difference between access text directly vs access jsonb then cast to text.
query TTT
with t(v1) as (values (null::jsonb), ('null'), ('true'), ('1'), ('"a"'), ('[]'), ('{}')),
     j(v1) as (select ('{"k":' || v1::varchar || '}')::jsonb from t)
select
    v1 ->> 'k',
    (v1 -> 'k')::varchar,
    jsonb_typeof(v1 -> 'k')
from j order by 2;
----
a "a" string
1 1 number
[] [] array
NULL null null
true true boolean
{} {} object
NULL NULL NULL

query T
select 'true'::jsonb ->> 2;
----
NULL

query I
select jsonb_array_length('[7, 2]');
----
2

statement error cannot get array length
select jsonb_array_length('null');

statement ok
drop table t;

query TIT
with t(v1) as (
	values (null::jsonb), ('null'), ('[true, 4, "foo"]')
) select
	v1 is null,
	case when jsonb_typeof(v1) = 'array' then jsonb_array_length(v1) end,
	coalesce(v1 -> 1, v1, '"?"')
from t;
----
t NULL "?"
f NULL null
f 3 4

# Tests moved from regress tests due to not matching exactly.

# PostgreSQL sorts shorter key "two" before longer key "three"
# https://www.postgresql.org/docs/current/datatype-json.html#JSON-INDEXING:~:text=shorter%20keys%20are%20stored%20before%20longer%20keys
query T
SELECT '{
		"one": 1,
		"two":"two",
		"three":
		true}'::jsonb; -- OK
----
{"one": 1, "three": true, "two": "two"}

# jsonb_array_elements
query T
select * from jsonb_array_elements('[1,true, [2,false]]');
----
1
true
[2, false]

statement error cannot extract elements
select * from jsonb_array_elements('null');

statement error cannot extract elements
select * from jsonb_array_elements('1');

statement error cannot extract elements
select * from jsonb_array_elements('"string"');

statement error cannot extract elements
select * from jsonb_array_elements('{}');


# jsonb_array_elements_text
query T
select * from jsonb_array_elements_text('["foo", "bar"]');
----
foo
bar

statement error cannot extract elements
select * from jsonb_array_elements_text('null');

statement error cannot extract elements
select * from jsonb_array_elements_text('1');

statement error cannot extract elements
select * from jsonb_array_elements_text('"string"');

statement error cannot extract elements
select * from jsonb_array_elements_text('{}');

# jsonb_object_keys
query T
select * from jsonb_object_keys('{"f1":"abc","f2":{"f3":"a", "f4":"b"}}');
----
f1
f2

statement error cannot call jsonb_object_keys
select * from jsonb_object_keys('null');

statement error cannot call jsonb_object_keys
select * from jsonb_object_keys('1');

statement error cannot call jsonb_object_keys
select * from jsonb_object_keys('"string"');

statement error cannot call jsonb_object_keys
select * from jsonb_object_keys('[]');


# jsonb_each
query TT
select * from jsonb_each('{"a":"foo", "b":"bar"}');
----
a "foo"
b "bar"

query T
select jsonb_each('{"a":"foo", "b":"bar"}');
----
(a,"""foo""")
(b,"""bar""")

statement error cannot deconstruct
select * from jsonb_each('null');

statement error cannot deconstruct
select * from jsonb_each('1');

statement error cannot deconstruct
select * from jsonb_each('"string"');

statement error cannot deconstruct
select * from jsonb_each('[]');

# jsonb_each_text
query TT
select * from jsonb_each_text('{"a":"foo", "b":"bar"}');
----
a foo
b bar

query T
select jsonb_each_text('{"a":"foo", "b":"bar"}');
----
(a,foo)
(b,bar)

statement error cannot deconstruct
select * from jsonb_each_text('null');

statement error cannot deconstruct
select * from jsonb_each_text('1');

statement error cannot deconstruct
select * from jsonb_each_text('"string"');

statement error cannot deconstruct
select * from jsonb_each_text('[]');

query TTTTT
SELECT js,
  js IS JSON "json?",
  js IS JSON SCALAR "scalar?",
  js IS JSON OBJECT "object?",
  js IS JSON ARRAY "array?"
FROM (VALUES
      ('123'), ('"abc"'), ('{"a": "b"}'), ('[1,2]'),('abc')) foo(js);
----
123        t t f f
"abc"      t t f f
{"a": "b"} t f t f
[1,2]      t f f t
abc        f f f f

query T
select JSONB_POPULATE_RECORD(NULL::struct<id BIGINT>, '{"id": "12345"}'::jsonb) AS v;
----
 (12345)

query T
select JSONB_POPULATE_RECORD(NULL::struct<id REAL>, '{"id": "0.123"}'::jsonb) AS v;
----
 (0.123)

query T
select JSONB_POPULATE_RECORDSET(NULL::struct<id REAL>, '[{"id": "0.123"},{"id": "123"}]'::jsonb) AS v;
----
 (0.123)
 (123)

query T
select JSONB_POPULATE_RECORD(NULL::struct<id DOUBLE>, '{"id": "1e10"}'::jsonb) AS v;
----
 (10000000000)

statement ok
CREATE TABLE IF NOT EXISTS cast_t (host text, message text, payload jsonb);

query T
SELECT * FROM JSONB_POPULATE_RECORD(null::cast_t, '{"host": "abc", "message": "bcd", "payload": {"d": 4, "e": "zzz"}}');
----
abc bcd {"d": 4, "e": "zzz"}
