# description: Selection of all supported data types.

subtest IntegerTypes

query I
select 1::INT
----
1

query I
select 1::INTEGER
----
1

query I
select 1::INT4
----
1

query I
select 1::SMALLINT
----
1

query I
select 1::INT2
----
1

query I
select 1::BIGINT
----
1

query I
select 1::INT8
----
1

query I
SELECT x::int4
FROM (VALUES (1::int2)) t(x);
----
1

query B
select true::BOOLEAN
----
t

subtest FloatingPointTypes

query R
select 1.1::FLOAT
----
1.1

query R
select 1.1::DOUBLE PRECISION
----
1.1

query R
select 1.1::REAL
----
1.1

# TODO: Unsupported.
# query I
# select '123.4'::DECIMAL(4,1)
# ----
# 123.4

query R
select '123.4'::NUMERIC(4,1)
----
123.4

subtest DateTimeTypes

query T
select '2008-01-01 00:00:01'::TIMESTAMP;
----
2008-01-01 00:00:01

query T
select '2008-01-01'::DATE;
----
2008-01-01

query T
select date '1997-07-01' + interval '3' month;
----
1997-10-01 00:00:00

subtest StringTypes

statement ok
create table t (v_varchar varchar)

statement ok
insert into t values ('hello')

# TODO: Unsupported.
# statement ok
# insert into t values ("hello")

statement ok
flush;

query T
select * from t;
----
hello

statement ok
drop table t

# TODO: Fix the failure.
# query T
# select '2008-01-01'::VARCHAR;
# ----
# 2008-01-01
