statement ok
create table st (v1 int, v2 struct<v1 int, v2 struct<v1 int, v2 int>>);

statement ok
insert into st values(1,(1,(1,2)));

statement ok
insert into st values(1,(1,(1,3)));

query II
select (v2).v2.* from st;
----
1 2
1 3

query II
select (v2).* from st;
----
1 (1, 2)
1 (1, 3)

query II
select * from st;
----
1 (1, (1, 2))
1 (1, (1, 3))

query I
select (v2).v2.v1 from st;
----
1
1

query I
select (v2).v2 from st;
----
(1, 2)
(1, 3)

query II
select * from st where v2 = (1,(1,3));
----
1 (1, (1, 3))

query II
select * from st where v2 != (1,(1,3));
----
1 (1, (1, 2))

query II
select * from st where (v2).v2 < (1,3);
----
1 (1, (1, 2))

query II
select * from st where (v2).v2 > (1,2);
----
1 (1, (1, 3))

query I
select max((v2).v2) from st;
----
(1, 3)

query I
select min((v2).v2) from st;
----
(1, 2)

statement ok
drop table st;

statement ok
create table st (v1 int, v2 struct<v1 int, v2 struct<v1 int, v2 int>>);

statement ok
insert into st values(1,(1,(1,null)));

query II
select * from st;
----
1 (1, (1, NULL))

statement ok
drop table st;