statement ok
SET RW_IMPLICIT_FLUSH TO true;

query T
select Row('foo', 'bar', null);
----
(foo,bar,NULL)

query T
select Row(1,2+3,4*5+1);
----
(1,5,21)

query T
select Row(null);
----
(NULL)

statement error
select Row();