statement ok
SET RW_IMPLICIT_FLUSH TO true;

statement ok
create table t(v1 boolean, v2 int, v3 varchar, v4 jsonb);

statement ok
insert into t values
    (null, null, null, null),
    (false, 1, 'ccc', 'null'),
    (true, 2, 'bbb', 'false'),
    (true, 3, 'aaa', '{}');

query T
select jsonb_agg(v1 order by v1) from t;
----
[false, true, true, null]

query T
select jsonb_agg(v2 order by v2) from t;
----
[1, 2, 3, null]

query T
select jsonb_agg(v2::int2 order by v2) from t;
----
[1, 2, 3, null]

query T
select jsonb_agg(v2::int8 order by v2) from t;
----
[1, 2, 3, null]

query T
select jsonb_agg(v2::float4 order by v2) from t;
----
[1.0, 2.0, 3.0, null]

query T
select jsonb_agg(v2::float8 order by v2) from t;
----
[1.0, 2.0, 3.0, null]

query T
select jsonb_agg(v3 order by v3) from t;
----
["aaa", "bbb", "ccc", null]

query T
select jsonb_agg(v4 order by v4) from t;
----
[false, null, {}, null]

# query T
# select jsonb_agg(distinct v1) from t;
# ----
# [true, null, false]

query T
select jsonb_agg(v2 order by v3 desc) from t;
----
[null, 1, 2, 3]

query T
select jsonb_agg(v2 order by v2) filter (where v3 >= 'bbb') from t;
----
[1, 2]

statement error field name must not be null
select jsonb_object_agg(v3, v1) from t;

query T
select jsonb_object_agg(v3, v1 order by v3, v1) filter (where v3 is not null) from t;
----
{"aaa": true, "bbb": true, "ccc": false}

query T
select jsonb_object_agg(v3, v2 order by v3, v2) filter (where v3 is not null) from t;
----
{"aaa": 3, "bbb": 2, "ccc": 1}

query T
select jsonb_object_agg(v3, v4 order by v3, v4) filter (where v3 is not null) from t;
----
{"aaa": {}, "bbb": false, "ccc": null}

statement ok
drop table t;
