control substitution on

statement ok
SET streaming_use_shared_source TO false;

system ok
rpk topic delete kafka_alter || true

system ok
rpk topic create kafka_alter -p 1

system ok
cat <<EOF | rpk topic produce kafka_alter -f "%v\n"
{"v1": 1, "v2": "11", "v3": 111}
EOF

statement ok
CREATE SOURCE s1 (v1 int) with (
  ${RISEDEV_KAFKA_WITH_OPTIONS_COMMON},
  topic = 'kafka_alter',
  scan.startup.mode = 'earliest'
) FORMAT PLAIN ENCODE JSON;

statement ok
CREATE SOURCE s2 (v2 varchar) with (
  ${RISEDEV_KAFKA_WITH_OPTIONS_COMMON},
  topic = 'kafka_alter',
  scan.startup.mode = 'earliest'
) FORMAT PLAIN ENCODE JSON;

statement ok
CREATE TABLE t (v1 int) with (
  ${RISEDEV_KAFKA_WITH_OPTIONS_COMMON},
  topic = 'kafka_alter',
  scan.startup.mode = 'earliest'
) FORMAT PLAIN ENCODE JSON;


statement ok
create materialized view mv1 as select * from s1;

statement ok
create materialized view mv2 as select * from s2;

statement ok retry 2 backoff 1s
flush;

query I
select * from s1;
----
1

query T
select * from s2;
----
11

query I
select * from t;
----
1

# alter source
statement ok
alter source s1 add column v2 varchar;

# alter source with null column
statement ok
alter source s2 add column v4 int;

# alter table with conn
statement error try to use ALTER TABLE instead
alter source t add column v0 int;

statement ok
create materialized view mv3 as select * from s1;

statement ok
create materialized view mv4 as select * from s2;

statement ok
alter table t add column v2 varchar;

statement ok retry 2 backoff 1s
flush;

query IT
select * from s1
----
1 11

query TI
select * from s2
----
11 NULL

query I
select * from mv1
----
1

query T
select * from mv2
----
11

query IT
select * from mv3
----
1 11

query TI
select * from mv4
----
11 NULL

query IT
select * from t
----
1 NULL

# alter source again
statement ok
alter source s1 add column v3 int;

statement ok
create materialized view mv5 as select * from s1;

statement ok retry 2 backoff 1s
flush;

query ITI
select * from s1
----
1 11 111

query ITI
select * from mv5
----
1 11 111

# check definition after altering
query TTTT
describe s1;
----
v1	integer	false	NULL
_rw_kafka_timestamp	timestamp with time zone	true	NULL
_row_id	serial	true	NULL
v2	character varying	false	NULL
v3	integer	false	NULL
primary key	_row_id	NULL	NULL
table description	s1	NULL	NULL

query TT
show create source s1;
----
public.s1 CREATE SOURCE s1 (v1 INT, v2 CHARACTER VARYING, v3 INT) WITH (connector = 'kafka', properties.bootstrap.server = 'message_queue:29092', topic = 'kafka_alter', scan.startup.mode = 'earliest') FORMAT PLAIN ENCODE JSON


system ok
cat <<EOF | rpk topic produce kafka_alter -f "%v\n"
{"v1": 2, "v2": "22", "v3": 222}
EOF

statement ok retry 2 backoff 1s
flush;

query IT rowsort
select * from s1
----
1 11 111
2 22 222

query I rowsort
select * from mv1
----
1
2

query IT rowsort
select * from mv3
----
1 11
2 22

query TI rowsort
select * from s2
----
11 NULL
22 NULL

query T rowsort
select * from mv2
----
11
22

query TI rowsort
select * from mv4
----
11 NULL
22 NULL

query ITI rowsort
select * from mv5
----
1 11 111
2 22 222

query IT rowsort
select * from t
----
1 NULL
2 22

statement ok
alter table t add column v3 int;

query IT rowsort
select * from t
----
1 NULL NULL
2 22 NULL

statement ok
drop materialized view mv1

statement ok
drop materialized view mv2

statement ok
drop materialized view mv3

statement ok
drop materialized view mv4

statement ok
drop materialized view mv5

statement ok
drop source s1

statement ok
drop source s2


system ok
cat <<EOF | rpk topic produce kafka_alter -f "%v\n"
{"v1": 3, "v2": "33", "v3": 333}
EOF

statement ok retry 2 backoff 1s
flush;

query IT rowsort
select * from t
----
1 NULL NULL
2 22 NULL
3 33 333

statement ok
drop table t;

statement ok
SET streaming_use_shared_source TO true;
