statement ok
create table t (v1 int not null, v2 int not null, v3 int not null)

statement ok
insert into t values (1,4,2), (2,3,3), (3,4,4), (4,3,5)

query III rowsort
select * from t
----
1 4 2
2 3 3
3 4 4
4 3 5

query III rowsort
select * from t where v1 = 1
----
1 4 2

query III rowsort
select * from t where v1 > 1 and v2 = 3
----
2 3 3
4 3 5

query III
select * from t where v1 in (1, 2)
----
1 4 2
2 3 3

query I
select min(v2) from t
----
3

query I
select count(*) from t
----
4

query I
select count(*) from t where v2 = 3
----
2

query I rowsort
select v1 from t
----
1
2
3
4

query I rowsort
select v1+v2 from t
----
5
5
7
7

query III
select * from t order by v1 desc
----
4 3 5
3 4 4
2 3 3
1 4 2

query III
select * from t limit 0
----


query III
select * from t order by v1 desc limit 1
----
4 3 5

query III
select * from t order by v2, v1
----
2 3 3
4 3 5
1 4 2
3 4 4

query I
select v1 from t order by v2
----
2
4
1
3

query III
select * from t order by v2, v1 limit 2
----
2 3 3
4 3 5

query III
select * from t order by v2, v1 limit 10
----
2 3 3
4 3 5
1 4 2
3 4 4

query III
select * from t order by v2 desc, v1 limit 2
----
1 4 2
3 4 4

query I
select case when v1 <= 2 then 0 else 1 end from t
----
0
0
1
1

query T
select case when v2 <= 3 then 'foo' else 'bar' end from t
----
bar
foo
bar
foo

query T
select case when v2 <= 3 then 'foo' end from t
----
NULL
foo
NULL
foo

query T
select case when v3 = 2 then '2' when v3 = 3 then '3' when v3 = 4 then '4' when v3 = 5 then '5' end from t;
----
2
3
4
5

statement ok
drop table t

statement ok
create table t (v1 text, v2 bool, v3 int);

statement ok
insert into t values ('true', true, 1);

statement ok
insert into t values ('false', false, 2);

statement ok
insert into t values ('null', null, 3);

query TBI
select * from t order by v3 desc;
----
null   NULL   3
false  f      2
true   t      1

query TBI
select * from t order by v3 asc;
----
true   t      1
false  f      2
null   NULL   3

query BBB rowsort
select v1 is null, v2 is not null, v3 is not null from t;
----
f t t
f t t
f f t

statement ok
drop table t;


# Date/Time related
statement ok
create table t (v1 date not null, v2 time not null, v3 timestamp not null)

statement ok
insert into t values
    ('1970-01-01', '04:05:06', '1970-01-01 04:05:06'),
    ('1989-01-01', '23:48:17', '1989-01-01 23:48:17'),
    ('2019-05-12', '10:20:48', '2019-05-12 10:20:48')

query TTT
select * from t
----
1970-01-01  04:05:06    1970-01-01 04:05:06
1989-01-01  23:48:17    1989-01-01 23:48:17
2019-05-12  10:20:48    2019-05-12 10:20:48

statement ok
drop table t

# String related
statement ok
create table t (v1 int not null, v2 char(8) not null)

statement ok
insert into t values (1,'1'), (2,'22'), (3,'333'), (4,'4444')

query IT
select * from t
----
1 1
2 22
3 333
4 4444

query T
select substring(v2 from 1 for 1) from t
----
1
2
3
4

query T
select substring(v2 from 1) from t
----
1
22
333
4444

statement ok
drop table t

# Decimal related

statement ok
create table t (v1 numeric not null, v2 int not null)

statement ok
insert into t values (12345.01234, 1), (2.02, 2), (3.03, 3), (4.04, 4)

query RI
select * from t
----
12345.01234 1
2.02 2
3.03 3
4.04 4

query R
select v1 from t order by v1 limit 2
----
2.02
3.03

statement ok
drop table t

statement ok
create table t (v1 numeric(10, 5) not null, v2 int not null)

statement ok
insert into t values (12345.01234, 1), (12345, 2), (3.03, 3), (4.04, 4)

query RI
select * from t
----
12345.01234 1
12345.00000 2
3.03000 3
4.04000 4

query R
select min(v1) from t
----
3.03000

statement ok
drop table t

statement ok
create table t (v1 int, v2 int not null)

statement ok
insert into t values(1, 2), (null, 2), (null, 2)

query II
select * from t
----
1     2
NULL  2
NULL  2

query IIIII
select 1, 1+2, 1-2, 1*2, 4/2
----
1 3 -1 2 2

statement ok
drop table t

#bool type
statement ok
create table t (v1 boolean)

statement ok
insert into t values (true), (false), (true)

query B
select * from t
----
t
f
t

statement ok
drop table t

# Test for negative expression
statement ok
create table t (v1 int)

statement ok
insert into t values (-1), (-2)

query I
select * from t where v1 < -1
----
-2

statement ok
drop table t

# Test for sum type
statement ok
create table t (v1 int)

statement ok
insert into t values (2147483647), (1)

query I
select sum(v1) from t
----
2147483648

statement ok
drop table t

query I
select cast(1 as smallint) + cast(2 as int)
----
3

query T
select date '1998-12-01' - interval '71' day;
----
1998-09-21 00:00:00

# Test NULL for array with offset buffer

statement ok
create table t (v1 varchar);

statement ok
insert into t values ('foo'), (NULL), ('bar'), (NULL);

query T
select * from t;
----
foo
NULL
bar
NULL

query TB
select *, 'a b c' like '%b%' from t where v1 like '%o%';
----
foo t

statement ok
drop table t;

statement ok
create table t (v1 numeric(10, 3));

statement ok
insert into t values (1.123), (NULL), (2.234), (NULL);

query R
select * from t;
----
1.123
NULL
2.234
NULL

query R
select extract(year from date '1993-09-01');
----
1993

statement ok
drop table t;
