query B
SELECT true AS true;
----
t

query B
SELECT bool 't' AS true;
----
t

query B
SELECT bool '   f           ' AS false;
----
f

query B
SELECT not bool 'f' AS true;
----
t

query B
SELECT bool 't' = bool 'f' AS false;
----
f

query B
SELECT bool 't' <> bool 'f' AS true;
----
t

query B
SELECT bool 't' > bool 'f' AS true;
----
t

query B
SELECT bool 't' >= bool 'f' AS true;
----
t

query B
SELECT bool 'f' < bool 't' AS true;
----
t

query B
SELECT bool 'f' <= bool 't' AS true;
----
t

query BB
SELECT 'TrUe'::text::boolean AS true, 'fAlse'::text::boolean AS false;
----
t f

query BB
SELECT '    true   '::text::boolean AS true,
       '     FALSE'::text::boolean AS false;
----
t f

statement ok
CREATE TABLE TB1(v1 bool);

statement ok
INSERT INTO TB1(v1) VALUES (true), (false), (NULL);

query BBBBBBBBB
SELECT v1 is true,
       v1 is not true,
       v1 is false,
       v1 is not false,
       v1 is unknown,
       v1 is not unknown,
       boolne(v1, true),
       booleq(v1, false),
       boolne(v1, null)
FROM TB1;
----
t f f t f t f f NULL
f t t f f t t t NULL
f t f t t f NULL NULL NULL



statement ok
DROP TABLE TB1;

query BB
select true AND NULL, false OR NULL;
----
NULL NULL

query BB
select false AND NULL, true OR NULL;
----
f t

query BB
select NULL AND NULL, NULL OR NULL;
----
NULL NULL

query BB
select not TRUE, not NULL;
----
f NULL

query BBBBBBBB
select 'true'::bool is true,
       'true'::bool IS NOT TRUE,
       'true'::bool IS FALSE,
       'true'::bool is not false,
       'true'::bool is unknown,
       'true'::bool is not unknown,
       boolne('true'::bool, false),
       booleq('true'::bool, null);
----
t f f t f t t NULL
