statement ok
create table t (v1 int not null);

statement ok
insert into t values (3);

statement ok
flush;

query I rowsort
select * from t;
----
3

statement ok
insert into t values (2+2);

statement ok
flush;

query I rowsort
select * from t;
----
3
4

statement ok
insert into t values (7), (8), (9);

statement ok
flush;

query I rowsort
select * from t;
----
3
4
7
8
9

statement ok
insert into t values (2+3), (2+4), (3+4);

statement ok
flush;

query I rowsort
select * from t;
----
3
4
5
6
7
7
8
9

statement ok
insert into t values (12), (6+7), (44);

statement ok
flush;

query I rowsort
select * from t;
----
3
4
5
6
7
7
8
9
12
13
44

statement ok
drop table t;
