statement ok
SET RW_IMPLICIT_FLUSH TO true;

statement ok
create table t (v1 int);

query I rowsort
insert into t values (1 + 2), (2 + 2), (2 + 3) returning *;
----
3
4
5

query I rowsort
select * from t;
----
3
4
5

query I rowsort
update t set v1 = v1 + 3 where v1 <= 4 returning *;
----
6
7

query I rowsort
select * from t;
----
5
6
7

query II rowsort
delete from t where v1 > 5 returning v1, v1 * 2;
----
6 12
7 14

query I rowsort
select * from t;
----
5

statement ok
drop table t;

statement ok
create tn (v1 int, v2 int);

query II 
insert into tn (v2) values (1) returning *;
----
NULL  1

query II
insert into tn (v2) values (1) returning v2+1. v1;
----
2 NULL

statement ok
drop table tn;
