statement ok
create table t (v1 int);

query I rowsort
insert into t values (1 + 2), (2 + 2), (2 + 3) returning *;
----
3
4
5

# FIXME: implicit flush for `RETURNING` does not work now.
statement ok
flush;

query I rowsort
select * from t;
----
3
4
5

query I rowsort
update t set v1 = v1 + 3 where v1 <= 4 returning *;
----
6
7

statement ok
flush;

query I rowsort
select * from t;
----
5
6
7

query II rowsort
delete from t where v1 > 5 returning v1, v1 * 2;
----
6 12
7 14

statement ok
flush;

query I rowsort
select * from t;
----
5

statement ok
drop table t;
