statement ok
SET RW_IMPLICIT_FLUSH TO true;

statement ok
create table t1 (v1 int, v2 int);

statement ok
create table t2 (v1 int, v3 int);

statement ok
insert into t1 values(1, 2),(1, 2);

query II
select * from t1 except select * from t2
----
1 2

statement ok
insert into t2 values(1, 2);


query II
select * from t1 except select * from t2
----


query I
select 1 except select 1
----


query I
select 1 except select 2
----
1

query I
select null except select null
----

query I
select null except select '1'
----
NULL

query I
select 1 as a except select 1 except select 1
----

query I
select 1 as a except select 2 except select 3
----
1

statement ok
drop table t1;

statement ok
drop table t2;
