statement ok
SET RW_IMPLICIT_FLUSH TO true;

statement ok
create table t1 (v1 int not null, v2 int not null);

statement ok
create table t2 (v1 int not null, v3 int not null);

statement ok
create table t3 (v2 int not null, v3 int not null);

statement ok
insert into t1 values(1, 2);

statement ok
insert into t2 values(1, 3);

statement ok
insert into t3 values(2, 3);

statement ok
explain select t1.v2, t2.v3 from t1 join t2 on t1.v1 = t2.v1;

query IIII
select * from t1 join t2 using(v1);
----
1 2 1 3

query IIIIII
select * from t1 join t2 using(v1) join t3 using(v2);
----
1 2 1 3 2 3

statement ok
create index i1 on t1(v1);

statement ok
create index i2 on t2(v1);

query II
select * from i1 join i2 using(v1);
----
1 2 1 3

statement ok
drop index i1;

statement ok
drop index i2;

statement ok
drop table t1;

statement ok
drop table t2;

statement ok
drop table t3;

query I
select count(*) from (values (1, 2), (3, 4)) as a, (values (9),(4),(1)) as b;
----
6
