statement ok
SET RW_IMPLICIT_FLUSH TO true;

statement ok
SET CREATE_COMPACTION_GROUP_FOR_MV TO true;

statement ok
create table t (v1 int, v2 int, v3 int);

statement ok
insert into t values (1,4,2), (2,3,3), (3,4,4), (4,3,5)

query III rowsort
select * from t
----
1 4 2
2 3 3
3 4 4
4 3 5

query III
select * from t order by v1 desc
----
4 3 5
3 4 4
2 3 3
1 4 2

query III
select * from t order by 1;
----
1 4 2
2 3 3
3 4 4
4 3 5

query III
select v2 from t order by v1;
----
4
3
4
3

query III
select * from t order by v1 + v2, v1;
----
1 4 2
2 3 3
3 4 4
4 3 5

query III
select * from t order by v1 desc limit 1
----
4 3 5

query III
select * from t order by v1 desc limit 1 offset 1
----
3 4 4

query III
select * from t order by v2, v1
----
2 3 3
4 3 5
1 4 2
3 4 4

query III
select * from t order by v2, v1 limit 2
----
2 3 3
4 3 5

query III
select * from t order by v2, v1 limit 10
----
2 3 3
4 3 5
1 4 2
3 4 4

query III
select * from t order by v2 desc, v1 limit 2
----
1 4 2
3 4 4

statement ok
insert into t values (null, 7, null);

query III
select * from t order by v1 limit 2;
----
1 4 2
2 3 3

query III
select * from t order by v1 desc limit 7;
----
NULL 7 NULL
4 3 5
3 4 4
2 3 3
1 4 2

statement ok
drop table t;
