statement ok
SET RW_IMPLICIT_FLUSH TO true;

statement ok
create table t3 (v1 int, v2 int, v3 int);

statement ok
insert into t3 values(1, 2, NULL);

statement ok
flush;

query III
select v1, v2, v3 from t3;
----
1 2 NULL

query III
select * from t3;
----
1 2 NULL

query III
select t3.* from t3;
----
1 2 NULL

query III
select count(*) from t3;
----
1

query III
select * except (v1) from t3;
----
2 NULL

query III
select * except (t3.v1) from t3;
----
2 NULL

query III
select * except (v1), * except (v2) from t3;
----
2 NULL 1 NULL

statement error Division by zero
select v1/0 from t3;


statement ok
drop table t3;

statement error
select * from t2 \gdesc
