statement ok
SET RW_IMPLICIT_FLUSH TO true;

statement ok
create table t1 (v1 int, v2 int, v3 int);

statement ok
create table t1 (v1 int, v2 int, v3 int);

statement ok
insert into t1 values(1, 2, NULL);

statement ok
insert into t2 values(3, 5, 7);

statement ok
flush;

query II
select * except (v1) from t1;
----
2 NULL

query II
select * except ("v1", t1.v2) from t1;
----
NULL

query II
select * except (v3, a.v2) from t1 a;
----
1

query II
select t1.* except (v1) from t1;
----
2 NULL

query IIII
select t1.* except (v1), * except (v2) from t1;
----
2 NULL 1 NULL

statement error Item not found: Invalid column: v5
select * except (v5) from t3;

statement error Duplicate entry in except list
select * except (v1, v1) from t3;

statement error Need column name in except list
select * except (1) from t3;

statement error Need column name in except list
select * except ('test') from t3;


statement ok
drop table t1;

statement ok
drop table t2;
