statement ok
SET RW_IMPLICIT_FLUSH TO true;

statement ok
create table t1 (v1 int, v2 bigint, v4 int);

statement ok
create table t2 (v1 int, v3 int, v4 int);

statement ok
insert into t1 values(1, 2, 3);

statement ok
insert into t2 values(1, 2, 3);

query III
select * from t1 union select * from t2
----
1 2 3

query III
select * from t1 union all select * from t2
----
1 2 3
1 2 3

query III
select * from t1 union all select * from t2 order by v1
----
1 2 3
1 2 3

statement error
select * from t1 union all select * from t2 order by v1 + 1


query I
select 1 union select 1
----
1

query I
select 1 union all select 1
----
1
1

statement error
select 1 as a union all select 1 as b order by a + 1;

query I
select 1 as a union all select 1 as b order by a;
----
1
1

query I
select 1 union all select null
----
1
NULL

query T
select null union all select null
----
NULL
NULL

statement error
select null union all select null select union 1

query II
select * from t1 union all corresponding select * from t2 order by v1
----
1 3
1 3

query II
select * from t1 union corresponding select v4, v3 as v1 from t2 order by v1
----
1 3
2 3

query II
select * from t1 union all corresponding by (v4, v1) select * from t2
----
3 1
3 1

query II
select * from t1 union corresponding by (v4) select * from t2
----
3

statement error Invalid input syntax: Every <column name> in the <corresponding column list> shall be a <column name> of both left and right side. Missing column: `vxx`
select * from t1 union corresponding by (vxx) select * from t2

statement ok
create table txx (vxx int);

statement error Invalid input syntax: When CORRESPONDING is specified, at least one column of the left side shall have a <column name> that is the <column name> of some column of the right side
select * from t1 union corresponding select * from txx

statement ok
drop table t1;

statement ok
drop table t2;

statement ok
drop table txx;
