# create and drop CDC mysql tables concurrently

control substitution on

statement ok
ALTER SYSTEM SET max_concurrent_creating_streaming_jobs TO 1;

system ok
mysql -e "
    SET GLOBAL time_zone = '+01:00';
"

system ok
mysql -e "
    DROP DATABASE IF EXISTS testdb1; CREATE DATABASE testdb1;
    USE testdb1;
    CREATE TABLE tt1 (v1 int primary key, v2 timestamp);
    INSERT INTO tt1 VALUES (1, '2023-10-23 10:00:00');
    CREATE TABLE tt2 (v1 int primary key, v2 timestamp);
    INSERT INTO tt2 VALUES (2, '2023-10-23 11:00:00');
    CREATE TABLE tt3 (v1 int primary key, v2 timestamp);
    INSERT INTO tt3 VALUES (3, '2023-10-23 12:00:00');
    CREATE TABLE tt4 (v1 int primary key, v2 timestamp);
    INSERT INTO tt4 VALUES (4, '2023-10-23 13:00:00');
    CREATE TABLE tt5 (v1 int primary key, v2 timestamp);
    INSERT INTO tt5 VALUES (5, '2023-10-23 14:00:00');
"

system ok
mysql -e "
    DROP USER IF EXISTS 'non-shared-cdc'@'%';
    CREATE USER 'non-shared-cdc'@'%' IDENTIFIED BY '123456';
    GRANT SELECT, RELOAD, SHOW DATABASES, REPLICATION SLAVE, REPLICATION CLIENT ON *.* TO 'non-shared-cdc'@'%';
    #
    DROP USER IF EXISTS 'shared-cdc'@'%';
    CREATE USER 'shared-cdc'@'%' IDENTIFIED BY 'abcdef';
    GRANT SELECT, RELOAD, REPLICATION SLAVE, REPLICATION CLIENT ON *.* TO 'shared-cdc'@'%';
    #
    FLUSH PRIVILEGES;
"

statement ok
create source s with (
  ${RISEDEV_MYSQL_WITH_OPTIONS_COMMON},
  username = 'shared-cdc',
  password = 'abcdef',
  database.name = 'testdb1',
);

# Purified definition should not have the internal `payload` column.
query T
SELECT SUBSTRING(definition, 1, POSITION(' WITH' IN definition) - 1) FROM rw_sources WHERE name = 's';
----
CREATE SOURCE s

sleep 2s


statement ok
create table tt1_shared (v1 int,
  v2 timestamptz,
  PRIMARY KEY (v1)
) from s table 'testdb1.tt1';

sleep 2s

# The source is resumed.
# SourceExecutor does not handle historical data, and only receives new data after it's created.
# But it can receive offset update at the beginning and periodically
# via the heartbeat message.
system ok
internal_table.mjs --name s --type '' --count
----
count: 1


statement ok
create table tt1 (v1 int,
  v2 timestamptz,
  PRIMARY KEY (v1)
) with (
  ${RISEDEV_MYSQL_WITH_OPTIONS_COMMON},
  username = 'non-shared-cdc',
  password = '123456',
  database.name = 'testdb1',
  table.name = 'tt1',
);

statement ok
create table tt2 (v1 int,
  v2 timestamptz,
  PRIMARY KEY (v1)
) with (
  ${RISEDEV_MYSQL_WITH_OPTIONS_COMMON},
  username = 'non-shared-cdc',
  password = '123456',
  database.name = 'testdb1',
  table.name = 'tt2',
);

statement ok
create table tt3 (v1 int,
  v2 timestamptz,
  PRIMARY KEY (v1)
) with (
  ${RISEDEV_MYSQL_WITH_OPTIONS_COMMON},
  username = 'non-shared-cdc',
  password = '123456',
  database.name = 'testdb1',
  table.name = 'tt3',
);

statement ok
create table tt4 (v1 int,
  v2 timestamptz,
  PRIMARY KEY (v1)
) with (
  ${RISEDEV_MYSQL_WITH_OPTIONS_COMMON},
  username = 'non-shared-cdc',
  password = '123456',
  database.name = 'testdb1',
  table.name = 'tt4',
);

statement ok
create table tt5 (v1 int,
  v2 timestamptz,
  PRIMARY KEY (v1)
) with (
  ${RISEDEV_MYSQL_WITH_OPTIONS_COMMON},
  username = 'non-shared-cdc',
  password = '123456',
  database.name = 'testdb1',
  table.name = 'tt5',
);

statement ok
create table tt2_shared (v1 int,
  v2 timestamptz,
  PRIMARY KEY (v1)
) from s table 'testdb1.tt2';

statement ok
create table tt3_shared (v1 int,
  v2 timestamptz,
  PRIMARY KEY (v1)
) from s table 'testdb1.tt3';

statement ok
create table tt4_shared (v1 int,
  v2 timestamptz,
  PRIMARY KEY (v1)
) from s table 'testdb1.tt4';

statement ok
create table tt5_shared (v1 int,
  v2 timestamptz,
  PRIMARY KEY (v1)
) from s table 'testdb1.tt5';

sleep 5s

query IT
select * from tt1;
----
1 2023-10-23 09:00:00+00:00

query IT
select * from tt2;
----
2 2023-10-23 10:00:00+00:00

query IT
select * from tt3;
----
3 2023-10-23 11:00:00+00:00

query IT
select * from tt4;
----
4 2023-10-23 12:00:00+00:00

query IT
select * from tt5;
----
5 2023-10-23 13:00:00+00:00


query IT
select * from tt1_shared;
----
1 2023-10-23 09:00:00+00:00

query IT
select * from tt2_shared;
----
2 2023-10-23 10:00:00+00:00

query IT
select * from tt3_shared;
----
3 2023-10-23 11:00:00+00:00

query IT
select * from tt4_shared;
----
4 2023-10-23 12:00:00+00:00

query IT
select * from tt5_shared;
----
5 2023-10-23 13:00:00+00:00

statement ok
drop table tt1;

statement ok
drop table tt2;

statement ok
drop table tt3;

statement ok
drop table tt4;

statement ok
drop table tt5;

statement ok
drop source s cascade;

system ok
mysql -e "
    SET GLOBAL time_zone = '+00:00';
"
